,"Concentrations of fine particulate matter (PM2.5)","Concentrations of fine particulate matter (PM2.5)","Concentrations of fine particulate matter (PM2.5)","Concentrations of fine particulate matter (PM2.5)","Concentrations of fine particulate matter (PM2.5)","Concentrations of fine particulate matter (PM2.5)","Concentrations of fine particulate matter (PM2.5)","Concentrations of fine particulate matter (PM2.5)","Concentrations of fine particulate matter (PM2.5)","Concentrations of fine particulate matter (PM2.5)"
,"2019","2018","2017","2016","2015","2014","2013","2012","2011","2010"
"Countries, territories and areas","Urban","Urban","Urban","Urban","Urban","Urban","Urban","Urban","Urban","Urban"
"Afghanistan","75.19 [53.87-102.87]","83.50 [60.10-113.39]","74.91 [53.88-103.01]","77.76 [55.59-105.83]","81.38 [58.50-110.14]","82.36 [58.88-111.54]","87.33 [62.40-118.86]","82.40 [58.99-112.42]","80.45 [57.67-110.73]","83.13 [60.37-117.80]"
"Albania","16.58 [14.98-18.62]","20.09 [18.27-22.30]","19.30 [17.55-21.46]","18.44 [16.77-20.38]","19.32 [17.48-21.70]","19.42 [17.63-21.69]","20.12 [18.40-22.58]","21.99 [19.88-24.63]","23.39 [21.23-25.95]","22.30 [20.33-24.90]"
"Algeria","22.85 [14.51-35.46]","22.84 [14.50-35.44]","23.37 [14.70-36.36]","23.10 [14.59-35.86]","22.53 [14.38-34.85]","22.64 [14.43-34.97]","21.00 [13.82-31.92]","22.90 [14.47-35.57]","21.43 [13.98-32.79]","21.02 [13.83-32.06]"
"Andorra","8.88 [7.88-10.18]","9.60 [8.55-10.97]","9.69 [8.60-11.12]","9.44 [8.36-10.85]","10.35 [9.20-11.91]","9.73 [8.66-11.22]","10.56 [9.37-12.21]","11.23 [9.92-12.92]","12.13 [10.80-13.95]","11.88 [10.57-13.67]"
"Angola","32.32 [5.47-129.18]","31.13 [5.41-121.78]","30.31 [5.38-116.33]","30.73 [5.44-117.91]","28.91 [5.33-106.69]","27.79 [5.32-99.82]","27.90 [5.36-99.54]","26.94 [5.37-93.50]","27.61 [5.44-96.31]","26.53 [5.45-89.34]"
"Antigua and Barbuda","8.42 [5.84-11.68]","9.01 [6.27-13.21]","9.41 [6.57-13.87]","9.09 [6.15-13.17]","9.03 [6.17-12.43]","8.63 [6.00-11.83]","8.18 [5.56-11.60]","8.33 [5.90-11.97]","7.92 [5.31-11.60]","8.29 [5.45-12.31]"
"Argentina","11.23 [8.67-13.86]","11.75 [8.89-15.17]","12.34 [9.06-15.81]","13.01 [10.02-16.19]","13.23 [10.11-16.42]","12.69 [10.06-15.46]","13.12 [10.23-16.37]","12.12 [9.03-14.83]","12.34 [9.59-15.40]","12.29 [9.63-15.41]"
"Armenia","36.24 [26.16-50.50]","39.37 [30.00-55.12]","40.09 [30.01-57.94]","42.51 [30.21-62.46]","43.09 [32.16-59.84]","43.07 [31.21-61.32]","45.50 [32.77-63.76]","48.73 [33.67-72.03]","49.34 [34.80-70.48]","43.43 [30.20-60.65]"
"Australia","9.12 [8.79-9.44]","7.24 [6.82-7.69]","7.02 [6.68-7.39]","6.81 [6.51-7.16]","6.75 [6.46-7.07]","7.06 [6.75-7.30]","7.42 [7.03-7.79]","7.46 [6.95-8.02]","8.24 [7.47-8.88]","9.24 [8.33-10.17]"
"Austria","12.42 [12.11-12.88]","13.66 [13.32-14.17]","13.28 [12.93-13.77]","13.27 [12.91-13.79]","14.83 [14.38-15.43]","14.06 [13.71-14.58]","15.14 [14.75-15.70]","15.41 [14.94-16.01]","17.35 [16.91-17.99]","16.97 [16.54-17.62]"
"Azerbaijan","26.18 [13.79-42.67]","28.73 [14.79-45.91]","29.22 [15.26-47.23]","30.60 [16.54-48.74]","31.54 [16.88-52.94]","31.89 [17.39-52.65]","33.36 [17.05-57.69]","35.72 [17.68-61.03]","36.07 [18.09-65.31]","32.10 [15.45-57.78]"
"Bahamas","5.20 [3.78-6.77]","5.63 [4.08-7.77]","5.82 [4.26-8.04]","5.58 [4.16-7.78]","5.32 [4.05-7.55]","5.33 [3.89-7.31]","5.09 [3.69-7.08]","5.28 [3.90-7.77]","4.92 [3.51-7.30]","4.98 [3.52-6.99]"
"Bahrain","51.84 [45.72-57.67]","54.52 [48.27-61.02]","54.76 [48.48-61.25]","52.94 [46.83-59.24]","56.41 [49.84-63.34]","50.16 [44.20-55.52]","52.83 [46.72-59.10]","54.44 [48.18-60.86]","54.72 [48.44-61.16]","55.92 [49.37-62.70]"
"Bangladesh","46.85 [42.47-51.99]","51.61 [46.37-57.07]","47.04 [42.36-51.88]","48.66 [44.07-53.89]","51.56 [46.38-56.50]","51.89 [46.95-57.17]","53.83 [48.51-59.11]","51.73 [46.81-56.94]","50.87 [45.89-56.20]","50.30 [43.80-57.05]"
"Barbados","9.83 [6.91-14.01]","10.40 [7.17-14.92]","10.95 [7.73-15.92]","10.39 [6.95-15.45]","10.57 [7.15-15.93]","9.99 [6.74-14.18]","9.36 [6.34-13.54]","9.65 [6.97-14.29]","9.08 [6.26-13.30]","9.19 [6.15-13.59]"
"Belarus","17.19 [14.84-19.86]","17.89 [15.13-20.50]","16.00 [13.79-18.25]","16.46 [14.15-19.03]","18.32 [15.57-21.05]","20.92 [18.49-24.23]","20.03 [17.40-22.87]","19.35 [17.02-21.73]","20.21 [17.48-23.34]","22.27 [18.64-25.47]"
"Belgium","11.57 [11.17-11.94]","12.49 [12.10-12.88]","12.67 [12.24-13.03]","12.72 [12.30-13.11]","13.65 [13.19-14.07]","13.50 [13.07-13.95]","14.84 [14.38-15.33]","15.06 [14.56-15.53]","16.76 [16.21-17.30]","16.54 [15.96-17.06]"
"Belize","10.44 [4.42-20.12]","10.87 [4.75-21.04]","11.33 [4.96-22.22]","11.07 [4.50-21.19]","11.06 [4.36-21.98]","10.80 [4.29-21.67]","10.19 [4.14-20.14]","10.17 [4.13-19.92]","9.82 [4.07-20.16]","9.87 [4.14-19.47]"
"Benin","31.78 [22.36-45.17]","32.48 [22.53-47.05]","32.69 [22.57-47.76]","32.71 [22.56-47.95]","33.23 [22.57-49.09]","31.13 [22.08-44.00]","31.05 [22.03-43.67]","31.86 [22.24-45.91]","31.51 [22.12-44.95]","30.84 [21.93-43.60]"
"Bhutan","16.91 [14.56-19.46]","18.52 [16.00-21.36]","17.15 [14.75-19.57]","17.96 [15.48-20.64]","19.03 [16.44-22.05]","19.42 [16.94-22.42]","20.12 [17.53-23.18]","19.35 [16.72-22.23]","18.93 [16.50-21.77]","20.19 [17.40-23.06]"
"Bolivia (Plurinational State of)","26.89 [18.87-36.62]","26.31 [19.01-35.29]","25.81 [18.65-33.98]","28.10 [20.38-36.26]","28.27 [21.10-37.32]","29.36 [22.88-37.19]","28.36 [20.61-37.18]","28.00 [20.30-37.15]","27.46 [20.11-35.94]","29.58 [21.78-39.06]"
"Bosnia and Herzegovina","29.67 [27.30-32.32]","36.22 [33.23-39.58]","35.84 [32.62-39.03]","33.63 [30.82-36.62]","34.74 [31.83-38.17]","36.31 [33.54-39.73]","35.65 [32.52-38.98]","38.94 [35.71-42.31]","41.37 [38.60-45.37]","39.49 [36.46-43.47]"
"Botswana","14.42 [10.54-20.31]","14.64 [10.58-20.74]","14.78 [10.66-20.93]","14.24 [10.40-20.09]","14.49 [10.50-20.58]","14.36 [10.47-20.29]","14.20 [10.41-20.01]","14.41 [10.52-20.31]","15.11 [10.82-21.45]","15.21 [10.85-21.63]"
"Brazil","11.26 [9.81-13.22]","11.48 [10.26-13.20]","15.29 [13.42-17.98]","12.34 [10.96-14.44]","12.39 [10.98-14.39]","13.71 [12.15-15.71]","13.57 [12.07-15.78]","14.56 [12.73-16.93]","15.36 [13.68-18.07]","15.03 [13.17-17.59]"
"Brunei Darussalam","6.76 [5.64-8.12]","6.59 [5.47-7.98]","6.89 [5.79-8.28]","7.78 [6.43-9.48]","7.69 [6.41-9.29]","7.88 [6.57-9.66]","7.94 [6.67-9.69]","7.49 [6.27-9.10]","8.26 [6.90-10.05]","8.20 [6.93-9.88]"
"Bulgaria","18.56 [17.79-19.51]","21.94 [21.11-22.90]","21.81 [20.80-22.65]","21.13 [20.23-22.02]","22.02 [21.05-23.10]","22.86 [22.03-23.76]","22.83 [21.94-23.82]","23.98 [23.09-24.99]","26.26 [25.13-27.48]","25.80 [24.81-26.80]"
"Burkina Faso","46.04 [16.26-113.99]","46.98 [16.43-116.94]","47.93 [16.59-120.07]","48.13 [16.63-120.64]","48.66 [16.71-122.38]","44.56 [16.03-109.09]","42.85 [15.72-103.72]","45.42 [16.17-111.57]","44.50 [16.01-108.68]","45.37 [16.11-111.46]"
"Burundi","28.38 [11.09-61.72]","28.36 [11.05-61.72]","28.00 [11.02-60.93]","28.72 [10.96-62.58]","28.71 [10.92-62.57]","28.64 [10.88-62.40]","28.56 [10.85-62.22]","28.63 [10.81-62.37]","28.03 [10.80-61.03]","28.16 [10.75-61.35]"
"Cabo Verde","32.63 [17.32-58.43]","32.77 [17.40-58.76]","34.22 [18.09-62.25]","33.36 [17.69-60.13]","34.93 [18.33-64.63]","31.57 [16.73-56.23]","32.16 [17.07-57.57]","33.45 [17.71-60.46]","32.52 [17.28-58.42]","29.51 [15.54-51.82]"
"Cambodia","18.35 [16.26-20.28]","17.73 [15.44-20.14]","17.40 [15.05-20.41]","19.71 [17.08-22.37]","17.97 [15.97-20.40]","17.54 [15.55-19.92]","19.77 [16.83-22.41]","18.80 [16.06-21.03]","17.84 [15.64-20.51]","19.41 [16.10-22.77]"
"Cameroon","61.63 [41.27-85.12]","62.95 [42.12-87.32]","64.08 [42.72-89.47]","63.90 [42.67-89.16]","63.66 [42.59-88.91]","57.80 [39.83-79.84]","57.17 [39.41-79.07]","59.56 [40.81-82.29]","58.36 [40.30-80.69]","57.26 [39.82-79.13]"
"Canada","6.70 [6.52-6.91]","7.43 [7.22-7.64]","7.24 [7.02-7.45]","6.64 [6.44-6.83]","7.52 [7.33-7.75]","7.68 [7.44-7.89]","7.81 [7.58-8.04]","8.14 [7.91-8.36]","8.33 [8.12-8.54]","8.21 [7.99-8.42]"
"Central African Republic","32.17 [5.43-101.99]","33.52 [5.36-108.44]","32.35 [5.43-102.54]","33.71 [5.35-108.92]","34.15 [5.32-111.35]","33.11 [5.37-106.86]","31.60 [5.42-99.39]","32.47 [5.41-103.21]","34.07 [5.31-111.20]","32.66 [5.39-104.25]"
"Chad","54.01 [25.35-111.62]","55.54 [25.86-115.59]","58.12 [26.39-123.27]","57.77 [26.40-121.92]","58.23 [26.39-123.58]","53.29 [25.20-109.28]","52.41 [25.01-106.67]","55.46 [25.79-115.14]","54.15 [25.46-111.41]","53.06 [25.24-108.12]"
"Chile","22.16 [20.78-23.69]","23.24 [20.47-26.42]","24.58 [20.71-28.04]","25.65 [24.02-27.39]","26.03 [24.43-27.50]","25.06 [23.23-26.66]","25.81 [23.59-27.78]","23.80 [21.60-25.73]","24.31 [22.09-26.23]","24.12 [22.00-26.53]"
"China","40.17 [38.57-41.56]","42.65 [40.84-44.20]","49.37 [47.36-51.03]","50.09 [48.08-51.89]","54.47 [52.25-56.41]","58.22 [55.42-60.58]","68.21 [64.56-71.43]","56.15 [49.23-62.17]","54.58 [48.23-62.51]","49.53 [46.83-51.71]"
"Colombia","15.09 [13.05-17.33]","15.85 [13.39-17.83]","17.12 [15.01-19.15]","18.13 [15.57-21.14]","18.64 [16.53-20.95]","18.48 [16.63-20.29]","19.46 [16.95-22.03]","18.47 [16.23-20.96]","19.18 [16.68-21.82]","18.67 [16.20-21.09]"
"Comoros","14.49 [7.48-23.65]","14.53 [7.50-23.83]","14.41 [7.44-23.42]","14.27 [7.38-22.97]","14.65 [7.53-24.38]","14.35 [7.41-23.32]","14.18 [7.33-22.75]","14.27 [7.36-23.09]","14.00 [7.25-22.23]","13.84 [7.18-21.90]"
"Congo","37.81 [5.99-160.29]","36.85 [5.97-154.49]","35.97 [5.97-148.88]","36.76 [6.01-153.63]","35.04 [5.98-142.97]","34.85 [5.98-141.88]","36.25 [6.06-150.33]","35.68 [6.09-146.34]","36.52 [6.18-150.84]","36.18 [6.18-148.52]"
"Cook Islands","7.87 [3.22-17.12]","7.83 [2.78-17.44]","7.66 [3.04-17.32]","7.67 [3.14-17.91]","7.50 [3.12-15.69]","7.41 [3.19-17.10]","7.48 [3.35-17.43]","7.49 [3.23-16.98]","7.34 [3.05-18.54]","7.53 [2.80-18.31]"
"Costa Rica","15.06 [13.30-17.09]","15.95 [14.35-18.19]","17.49 [15.19-19.83]","18.31 [16.09-20.93]","18.72 [16.26-21.97]","18.46 [16.22-21.20]","19.64 [17.57-22.22]","18.98 [16.57-21.69]","19.70 [17.23-22.96]","18.84 [16.42-22.07]"
"Côte d'Ivoire","46.58 [24.90-87.36]","47.80 [25.11-90.52]","48.19 [25.13-91.68]","48.26 [25.14-91.58]","49.72 [25.36-95.52]","44.75 [24.51-82.81]","44.70 [24.44-83.08]","46.22 [24.72-86.56]","45.74 [24.59-85.62]","44.16 [24.31-81.54]"
"Croatia","15.49 [14.46-16.71]","19.22 [17.77-20.64]","18.47 [17.16-19.83]","17.96 [16.68-19.32]","18.90 [17.57-20.34]","19.34 [17.99-20.77]","19.19 [17.93-20.79]","20.14 [18.69-21.65]","22.33 [20.85-24.10]","21.24 [19.68-22.78]"
"Cuba","15.86 [11.75-21.70]","17.03 [11.87-23.28]","17.63 [12.56-24.74]","17.34 [12.54-24.36]","16.97 [12.61-22.68]","16.43 [12.20-21.48]","15.90 [11.55-21.98]","16.46 [11.57-22.91]","15.31 [10.95-21.65]","15.98 [11.10-21.46]"
"Cyprus","15.46 [14.10-16.89]","16.41 [15.06-17.91]","15.57 [14.24-16.90]","14.60 [13.32-15.85]","16.13 [14.74-17.55]","15.87 [14.52-17.26]","17.18 [15.76-18.62]","17.31 [15.88-18.77]","18.76 [17.13-20.33]","19.78 [18.14-21.56]"
"Czechia","14.90 [14.50-15.27]","18.16 [17.71-18.60]","17.66 [17.23-18.13]","17.29 [16.76-17.81]","18.20 [17.67-18.69]","19.03 [18.44-19.55]","18.82 [18.26-19.33]","19.58 [19.05-20.22]","21.68 [21.07-22.31]","21.13 [20.45-21.76]"
"Democratic People's Republic of Korea","43.93 [33.30-56.83]","46.12 [34.91-59.74]","53.30 [40.15-68.92]","54.05 [40.84-69.73]","59.78 [45.23-77.34]","63.43 [47.78-81.68]","72.47 [53.78-93.41]","59.83 [44.47-78.20]","58.34 [42.56-76.43]","53.37 [39.97-69.46]"
"Democratic Republic of the Congo","37.44 [7.39-130.84]","37.28 [7.43-129.64]","37.04 [7.42-127.69]","38.58 [7.52-135.47]","37.52 [7.43-129.85]","37.01 [7.42-127.39]","37.76 [7.46-130.84]","37.74 [7.50-130.22]","37.17 [7.46-127.33]","37.64 [7.47-129.33]"
"Denmark","10.12 [9.37-10.97]","10.49 [9.74-11.35]","10.43 [9.68-11.29]","10.24 [9.50-11.04]","11.22 [10.43-12.14]","10.88 [10.13-11.80]","11.49 [10.65-12.47]","12.00 [11.14-13.00]","13.61 [12.56-14.73]","12.90 [11.96-13.98]"
"Djibouti","20.72 [7.82-42.63]","21.04 [7.84-43.60]","21.90 [7.88-46.27]","20.63 [7.82-42.33]","20.60 [7.82-42.22]","20.27 [7.80-41.21]","20.97 [7.84-43.36]","21.52 [7.87-45.05]","21.00 [7.84-43.45]","20.82 [7.83-42.85]"
"Dominica","8.38 [5.92-12.24]","8.92 [6.21-12.85]","9.41 [6.60-13.43]","9.05 [6.21-13.80]","8.99 [6.25-12.99]","8.52 [5.96-11.87]","8.05 [5.63-12.06]","8.28 [5.73-12.51]","7.85 [5.32-12.00]","8.01 [5.25-11.65]"
"Dominican Republic","7.76 [4.71-11.97]","8.19 [5.11-12.01]","8.51 [5.22-12.72]","8.20 [5.16-11.94]","8.05 [4.96-12.00]","7.87 [4.86-11.61]","7.38 [4.76-11.06]","7.63 [4.98-10.93]","7.20 [4.52-10.84]","7.70 [4.78-11.88]"
"Ecuador","16.91 [13.57-19.95]","16.72 [14.67-19.39]","16.17 [14.02-18.32]","17.51 [15.57-20.40]","18.12 [15.92-20.40]","18.91 [16.59-21.70]","18.50 [16.09-20.84]","18.09 [15.83-20.04]","17.42 [15.13-19.83]","17.82 [15.67-20.35]"
"Egypt","64.10 [40.90-93.85]","63.12 [40.50-92.34]","62.98 [40.40-92.27]","62.89 [40.36-92.25]","62.48 [40.18-91.56]","63.00 [40.46-91.85]","62.84 [40.32-92.07]","61.37 [39.62-89.73]","60.20 [38.90-87.66]","61.72 [39.77-90.34]"
"El Salvador","22.76 [14.78-32.78]","23.97 [15.58-34.20]","25.60 [18.06-36.02]","27.12 [17.31-38.91]","27.89 [18.55-40.71]","27.74 [18.78-39.40]","29.31 [19.49-42.11]","27.57 [18.29-39.82]","29.06 [19.10-41.84]","27.66 [18.04-40.48]"
"Equatorial Guinea","27.06 [5.56-73.20]","28.30 [5.53-78.93]","28.69 [5.52-80.86]","28.74 [5.55-81.49]","29.54 [5.52-85.16]","25.46 [5.59-64.84]","25.68 [5.59-66.08]","27.14 [5.58-74.06]","26.49 [5.59-70.62]","25.35 [5.64-64.76]"
"Eritrea","24.04 [9.35-57.77]","24.04 [9.37-57.22]","24.63 [9.45-59.88]","23.59 [9.30-55.21]","23.61 [9.30-55.28]","22.58 [9.13-51.17]","23.45 [9.27-54.77]","23.91 [9.35-56.66]","23.94 [9.34-56.72]","23.66 [9.30-55.69]"
"Estonia","6.61 [6.04-7.27]","6.98 [6.37-7.71]","6.14 [5.47-6.73]","6.45 [5.86-7.13]","7.02 [6.41-7.63]","8.17 [7.52-9.05]","7.95 [7.35-8.76]","7.69 [7.05-8.43]","7.98 [7.33-8.79]","8.82 [8.05-9.70]"
"Eswatini","15.94 [11.03-21.65]","15.79 [10.91-21.39]","15.60 [10.75-21.05]","15.40 [10.59-20.74]","15.65 [10.81-21.13]","15.94 [11.05-21.62]","15.75 [10.89-21.27]","15.57 [10.75-20.98]","15.54 [10.73-20.92]","15.81 [10.96-21.32]"
"Ethiopia","22.94 [14.05-33.41]","23.35 [14.24-34.23]","23.30 [14.22-34.27]","23.28 [14.22-34.15]","23.23 [14.19-34.08]","23.07 [14.09-33.78]","23.14 [14.13-34.05]","23.12 [14.10-34.02]","23.42 [14.24-34.63]","23.32 [14.18-34.43]"
"Fiji","8.14 [4.31-13.14]","8.37 [4.35-14.53]","8.29 [4.54-14.64]","8.22 [4.72-14.62]","8.05 [4.89-12.98]","8.02 [4.86-13.39]","7.82 [4.37-13.66]","7.82 [4.34-13.37]","7.70 [4.16-13.57]","8.04 [4.37-13.81]"
"Finland","6.21 [5.88-6.63]","6.38 [6.03-6.79]","6.17 [5.80-6.56]","6.25 [5.89-6.66]","6.75 [6.39-7.20]","6.73 [6.37-7.21]","7.26 [6.88-7.74]","7.39 [6.96-7.86]","8.27 [7.81-8.83]","8.27 [7.83-8.86]"
"France","11.34 [11.14-11.58]","12.20 [12.02-12.47]","12.30 [12.07-12.59]","12.27 [12.04-12.52]","13.31 [13.05-13.59]","12.98 [12.72-13.31]","14.15 [13.86-14.47]","14.53 [14.25-14.86]","16.12 [15.82-16.50]","15.83 [15.53-16.20]"
"Gabon","32.87 [5.97-116.60]","32.68 [5.97-115.69]","32.29 [5.95-114.00]","32.88 [5.95-116.71]","32.48 [5.93-115.04]","30.78 [5.95-107.06]","31.20 [5.93-109.07]","31.84 [5.90-112.18]","31.23 [5.91-109.28]","31.02 [5.91-108.30]"
"Gambia","41.40 [23.18-70.16]","42.14 [23.30-72.02]","42.75 [23.26-73.52]","41.16 [22.97-69.82]","42.12 [22.98-72.24]","40.13 [22.59-67.53]","38.92 [22.17-64.81]","41.23 [22.59-70.40]","39.71 [22.32-66.76]","39.45 [22.19-66.17]"
"Georgia","20.85 [16.26-26.47]","22.63 [18.27-28.11]","23.04 [18.53-28.17]","24.33 [19.05-30.38]","24.73 [20.27-31.59]","24.91 [20.32-30.71]","26.17 [19.74-33.97]","28.05 [21.02-36.72]","28.47 [21.87-37.91]","24.99 [19.17-33.11]"
"Germany","11.15 [10.98-11.36]","12.15 [11.96-12.34]","12.26 [12.05-12.47]","12.15 [11.95-12.37]","13.18 [12.97-13.41]","13.01 [12.79-13.23]","13.85 [13.63-14.10]","14.37 [14.10-14.61]","16.11 [15.81-16.39]","15.75 [15.50-16.05]"
"Ghana","50.42 [35.18-76.10]","52.60 [35.91-80.84]","52.87 [35.89-81.32]","54.43 [36.06-85.47]","54.80 [36.12-85.44]","48.05 [33.81-71.90]","48.46 [33.93-72.78]","50.30 [34.69-76.12]","49.62 [34.33-74.94]","47.49 [33.29-70.92]"
"Greece","15.58 [14.67-16.52]","16.66 [15.70-17.71]","16.15 [15.29-17.18]","16.13 [15.22-17.10]","17.50 [16.54-18.59]","16.62 [15.67-17.59]","18.44 [17.35-19.53]","18.88 [17.89-20.03]","20.80 [19.66-21.98]","21.03 [19.75-22.25]"
"Grenada","10.22 [7.15-13.37]","10.71 [8.14-14.56]","11.29 [8.09-14.82]","10.73 [7.83-13.93]","10.91 [7.77-13.76]","10.31 [7.21-13.09]","9.67 [7.09-12.31]","9.92 [7.24-12.63]","9.36 [6.36-12.29]","9.53 [6.42-12.34]"
"Guatemala","21.78 [17.65-27.97]","22.82 [18.59-29.14]","25.02 [20.38-31.97]","26.24 [21.37-32.28]","26.65 [21.52-33.88]","26.50 [21.75-33.40]","28.52 [23.23-36.32]","27.03 [21.81-34.04]","28.73 [23.27-37.64]","27.32 [21.83-34.49]"
"Guinea","42.38 [22.34-76.19]","42.91 [22.50-77.85]","43.40 [22.73-79.79]","43.69 [23.07-81.46]","43.55 [23.16-81.26]","41.40 [22.31-75.88]","40.16 [21.62-71.90]","42.72 [22.86-79.59]","40.75 [21.95-74.57]","40.48 [21.90-74.29]"
"Guinea-Bissau","40.06 [19.03-77.18]","41.18 [19.12-81.02]","41.92 [19.16-83.83]","39.90 [18.92-76.87]","41.33 [19.04-82.03]","39.43 [18.80-75.69]","37.87 [18.59-71.10]","40.27 [18.83-78.82]","38.82 [18.64-74.07]","38.49 [18.57-73.19]"
"Guyana","11.70 [5.98-19.88]","12.14 [6.12-19.72]","12.67 [6.86-21.00]","12.38 [6.94-21.75]","12.33 [6.50-19.59]","11.64 [6.10-18.49]","10.94 [5.48-18.19]","11.29 [5.97-18.20]","10.57 [5.43-16.66]","11.02 [5.36-17.35]"
"Haiti","9.78 [5.37-16.72]","10.31 [5.81-17.25]","10.71 [5.86-18.01]","10.47 [5.78-19.01]","10.23 [5.79-17.68]","10.02 [5.67-18.46]","9.47 [5.42-17.51]","9.71 [5.66-17.18]","9.16 [5.27-15.60]","9.67 [5.35-16.84]"
"Honduras","19.42 [13.38-26.19]","20.54 [14.24-27.45]","21.61 [14.74-29.38]","23.17 [16.02-30.62]","23.65 [15.91-31.68]","23.67 [16.47-31.84]","25.10 [17.42-33.59]","23.04 [15.92-31.28]","25.28 [17.67-33.89]","22.96 [16.22-30.44]"
"Hungary","14.83 [14.04-15.69]","17.95 [17.12-18.81]","17.29 [16.37-18.24]","16.85 [15.96-17.74]","17.87 [17.01-18.73]","18.43 [17.47-19.39]","18.14 [17.34-19.22]","18.81 [17.89-19.87]","21.11 [19.90-22.31]","20.29 [19.09-21.41]"
"Iceland","6.20 [5.59-6.76]","6.31 [5.68-6.86]","6.17 [5.54-6.73]","6.11 [5.50-6.65]","6.91 [6.26-7.50]","6.48 [5.84-7.04]","6.87 [6.17-7.47]","7.15 [6.44-7.80]","8.04 [7.29-8.74]","7.43 [6.72-8.11]"
"India","53.03 [50.33-55.58]","58.58 [55.79-61.20]","54.17 [51.65-56.49]","55.99 [53.24-58.66]","58.64 [55.88-61.27]","59.07 [56.04-61.87]","61.54 [58.90-64.36]","58.85 [56.76-61.65]","58.26 [55.59-61.13]","58.38 [52.70-63.53]"
"Indonesia","19.93 [17.06-24.54]","19.11 [16.48-22.76]","19.10 [16.05-22.90]","21.71 [18.41-25.63]","19.99 [16.70-23.46]","19.56 [16.66-23.56]","21.77 [18.36-25.89]","21.06 [17.57-25.78]","19.86 [16.64-24.58]","21.50 [17.25-26.08]"
"Iran (Islamic Republic of)","34.11 [29.17-38.89]","34.09 [29.23-38.86]","33.00 [28.27-37.35]","31.93 [27.51-36.01]","32.12 [27.69-36.33]","31.48 [27.11-35.54]","31.54 [27.28-35.61]","31.58 [27.32-35.65]","31.33 [27.22-35.31]","31.50 [27.35-35.47]"
"Iraq","42.96 [34.76-53.18]","43.59 [35.27-54.11]","42.43 [34.55-52.32]","42.12 [34.29-51.84]","42.43 [34.57-52.29]","40.05 [33.08-48.63]","41.89 [34.17-51.49]","41.78 [34.06-51.31]","41.65 [33.98-51.09]","42.36 [34.36-52.17]"
"Ireland","8.68 [8.19-9.10]","8.79 [8.30-9.21]","8.61 [8.15-9.01]","8.55 [8.06-8.92]","9.70 [9.15-10.15]","9.28 [8.81-9.70]","9.90 [9.37-10.33]","10.03 [9.48-10.49]","11.26 [10.64-11.76]","10.54 [9.92-10.95]"
"Israel","19.65 [18.31-20.95]","20.41 [19.14-21.70]","19.71 [18.46-20.99]","20.11 [18.90-21.39]","21.87 [20.49-23.20]","20.64 [19.39-21.86]","22.29 [20.93-23.63]","22.36 [20.95-23.79]","23.93 [22.41-25.39]","24.49 [23.06-25.97]"
"Italy","14.73 [14.48-14.93]","16.52 [16.26-16.75]","16.28 [16.03-16.50]","16.39 [16.14-16.63]","17.90 [17.61-18.16]","17.30 [17.02-17.55]","18.56 [18.31-18.83]","19.21 [18.90-19.51]","21.50 [21.06-21.83]","20.87 [20.52-21.18]"
"Jamaica","15.79 [13.47-18.42]","16.76 [14.41-20.07]","17.36 [14.76-20.58]","16.98 [14.45-19.28]","16.78 [14.58-19.49]","16.34 [14.11-18.60]","15.23 [13.38-17.24]","15.65 [14.11-17.21]","14.52 [12.37-16.23]","15.50 [12.59-18.00]"
"Japan","11.10 [10.41-11.76]","11.14 [10.42-11.87]","12.20 [11.28-12.99]","12.88 [12.05-13.67]","13.10 [12.33-13.88]","13.78 [12.83-14.53]","13.83 [13.04-14.70]","12.72 [12.07-13.55]","14.30 [13.41-15.32]","14.64 [13.79-15.57]"
"Jordan","25.76 [22.59-28.89]","25.74 [22.58-28.87]","25.19 [22.15-28.24]","24.76 [21.81-27.74]","25.22 [22.17-28.28]","24.40 [21.52-27.34]","24.69 [21.76-27.67]","24.79 [21.84-27.78]","24.50 [21.61-27.45]","24.39 [21.52-27.34]"
"Kazakhstan","35.44 [24.11-48.88]","38.33 [27.13-52.69]","39.02 [26.41-55.13]","41.19 [27.96-58.00]","41.72 [29.18-58.24]","41.78 [28.52-58.64]","44.27 [30.09-64.17]","47.19 [30.55-69.95]","47.08 [31.13-67.99]","41.44 [27.95-57.98]"
"Kenya","12.33 [7.45-17.28]","12.38 [7.48-17.39]","12.34 [7.46-17.24]","12.34 [7.47-17.30]","12.33 [7.47-17.27]","12.29 [7.46-17.20]","12.27 [7.45-17.17]","12.29 [7.46-17.19]","12.27 [7.45-17.14]","12.22 [7.43-17.07]"
"Kiribati","7.98 [3.28-16.63]","8.04 [3.33-16.93]","8.01 [2.95-16.32]","8.04 [3.07-16.06]","7.65 [3.18-14.92]","7.65 [3.29-14.64]","7.92 [3.53-15.61]","7.90 [3.47-15.05]","7.99 [3.42-16.10]","8.01 [3.37-16.83]"
"Kuwait","67.22 [58.28-77.33]","69.31 [59.93-80.28]","68.89 [59.59-79.71]","67.57 [58.55-77.88]","69.43 [60.02-80.52]","65.15 [56.64-74.60]","68.79 [59.52-79.71]","69.04 [59.72-80.11]","68.48 [59.28-79.37]","70.02 [60.50-81.61]"
"Kyrgyzstan","39.65 [27.55-53.37]","43.28 [30.54-60.13]","43.96 [30.94-62.05]","46.46 [32.07-68.07]","47.08 [33.02-67.53]","47.06 [32.02-65.86]","50.24 [33.01-69.54]","53.17 [35.51-73.76]","53.58 [36.35-80.84]","47.25 [31.09-70.73]"
"Lao People's Democratic Republic","24.19 [18.70-29.17]","22.74 [17.59-28.96]","22.64 [17.45-27.87]","26.23 [20.56-32.08]","23.51 [18.26-28.55]","23.07 [17.79-27.88]","25.79 [20.30-31.49]","24.79 [19.20-30.93]","23.21 [18.18-29.20]","26.01 [19.84-33.51]"
"Latvia","14.13 [12.75-15.79]","15.15 [13.59-16.96]","13.49 [12.15-15.38]","14.41 [13.01-16.28]","15.89 [14.28-17.68]","18.27 [16.54-20.57]","17.91 [16.28-20.16]","17.01 [15.33-19.10]","17.90 [16.36-20.17]","19.53 [17.60-21.97]"
"Lebanon","24.36 [18.20-32.54]","24.20 [18.12-32.22]","23.63 [17.83-31.10]","24.27 [18.14-32.33]","24.65 [18.31-33.17]","23.97 [17.96-31.81]","24.05 [17.98-32.04]","24.13 [17.99-32.28]","23.47 [17.64-31.05]","24.42 [18.08-33.01]"
"Lesotho","18.55 [13.07-28.16]","18.80 [13.18-28.72]","18.77 [13.16-28.68]","18.39 [12.96-27.89]","18.63 [13.05-28.44]","18.85 [13.17-28.91]","18.73 [13.11-28.68]","18.48 [12.96-28.17]","18.84 [13.13-28.97]","19.39 [13.40-30.17]"
"Liberia","40.53 [19.57-73.26]","40.88 [19.61-74.00]","40.91 [19.59-73.97]","40.47 [19.47-72.99]","42.21 [19.71-77.21]","39.28 [19.12-70.62]","37.99 [18.73-68.88]","40.01 [19.26-71.87]","38.05 [18.70-68.54]","37.33 [18.48-67.38]"
"Libya","28.26 [10.76-49.28]","28.78 [10.87-50.50]","26.72 [10.53-46.06]","28.41 [10.78-49.65]","27.29 [10.66-47.09]","28.52 [10.75-49.97]","28.49 [10.86-49.71]","25.99 [10.58-44.68]","26.62 [10.58-45.88]","29.15 [10.94-51.35]"
"Lithuania","11.67 [10.67-12.80]","12.50 [11.51-13.97]","11.16 [10.08-12.30]","11.59 [10.52-12.64]","12.88 [11.90-13.82]","14.53 [13.44-16.14]","14.23 [13.19-15.88]","13.72 [12.70-15.11]","14.38 [13.38-15.81]","15.60 [14.40-17.30]"
"Luxembourg","9.11 [8.63-9.57]","9.93 [9.42-10.43]","10.05 [9.52-10.59]","9.96 [9.41-10.48]","10.68 [10.11-11.29]","10.50 [9.89-11.09]","11.28 [10.64-11.91]","11.57 [10.95-12.17]","12.91 [12.19-13.63]","12.65 [11.92-13.37]"
"Madagascar","18.43 [12.98-26.54]","18.53 [13.12-26.65]","18.09 [12.81-26.17]","18.69 [13.30-26.95]","18.81 [13.34-27.08]","18.53 [13.16-26.80]","18.84 [13.26-27.20]","18.52 [13.11-26.82]","18.86 [13.15-27.29]","18.72 [13.09-27.16]"
"Malawi","20.18 [6.49-42.36]","20.26 [6.51-42.64]","20.07 [6.49-41.96]","20.17 [6.52-42.22]","20.40 [6.57-43.19]","20.29 [6.54-42.69]","20.30 [6.56-42.65]","20.54 [6.60-43.92]","20.44 [6.57-43.60]","20.28 [6.57-42.66]"
"Malaysia","23.74 [22.37-25.34]","22.61 [20.43-25.34]","22.49 [20.59-25.08]","25.27 [23.15-27.78]","23.66 [21.60-26.17]","22.98 [21.39-25.06]","25.60 [23.18-28.45]","24.55 [21.89-27.38]","23.20 [20.42-26.31]","25.04 [20.63-29.78]"
"Maldives","12.69 [10.01-16.48]","12.20 [9.84-15.33]","12.29 [10.06-15.17]","13.44 [10.60-17.97]","12.06 [9.40-16.18]","11.91 [9.49-15.72]","13.47 [10.78-18.22]","13.09 [10.22-16.89]","12.20 [9.85-15.53]","13.19 [10.30-17.44]"
"Mali","45.06 [16.12-97.71]","46.49 [16.19-103.23]","47.01 [16.19-105.24]","46.64 [16.14-103.60]","47.20 [16.16-105.71]","44.82 [15.91-97.19]","42.11 [15.55-87.41]","46.12 [15.97-102.73]","44.52 [15.76-96.91]","45.24 [15.78-99.94]"
"Malta","12.94 [11.85-14.33]","13.80 [12.67-15.28]","12.61 [11.56-13.97]","13.28 [12.16-14.70]","13.86 [12.72-15.36]","13.91 [12.79-15.44]","14.32 [13.17-15.92]","14.40 [13.25-15.92]","16.48 [15.15-18.28]","17.18 [15.74-19.12]"
"Marshall Islands","7.55 [2.82-15.77]","7.50 [2.90-15.90]","7.48 [2.83-15.04]","7.58 [2.98-15.49]","7.45 [3.14-15.40]","7.32 [3.00-15.13]","7.53 [3.33-15.59]","7.46 [3.24-15.74]","7.42 [3.19-15.66]","7.60 [3.12-15.83]"
"Mauritania","51.29 [19.13-112.92]","51.72 [19.27-114.30]","52.85 [19.41-117.58]","51.71 [19.23-114.54]","53.22 [19.45-118.92]","49.79 [18.96-109.40]","49.54 [18.81-108.84]","51.25 [19.23-113.88]","50.15 [19.06-111.01]","46.94 [18.66-101.94]"
"Mauritius","10.48 [8.25-12.88]","10.45 [8.21-12.84]","10.35 [8.10-12.76]","10.74 [8.57-13.19]","10.76 [8.59-13.21]","10.66 [8.48-13.10]","10.64 [8.46-13.08]","10.59 [8.40-13.00]","10.55 [8.36-12.94]","10.60 [8.42-13.03]"
"Mexico","18.43 [16.89-20.28]","19.41 [18.30-20.43]","21.15 [19.18-23.43]","21.91 [20.41-23.98]","22.56 [21.12-24.38]","22.34 [20.77-24.55]","23.98 [22.28-25.69]","23.02 [21.14-24.84]","24.35 [22.29-26.64]","22.92 [21.25-24.61]"
"Micronesia (Federated States of)","8.13 [3.56-16.38]","7.95 [3.58-16.36]","7.91 [3.67-15.95]","7.98 [4.05-16.42]","7.94 [4.00-15.84]","7.63 [3.85-15.51]","7.90 [3.71-17.12]","7.71 [3.59-15.91]","7.53 [3.55-17.15]","7.78 [3.43-18.55]"
"Monaco","9.21 [8.24-10.27]","9.88 [8.82-10.96]","9.63 [8.61-10.79]","9.53 [8.50-10.59]","10.41 [9.33-11.58]","9.97 [8.91-11.08]","10.77 [9.62-12.05]","11.16 [9.95-12.39]","12.37 [11.00-13.76]","11.91 [10.57-13.27]"
"Mongolia","50.62 [38.27-63.31]","54.10 [41.11-67.90]","56.00 [40.54-70.28]","58.96 [42.12-74.99]","59.52 [41.53-78.21]","58.94 [41.86-74.51]","61.18 [45.83-77.52]","66.00 [44.88-89.09]","65.35 [47.97-85.86]","57.44 [42.52-74.13]"
"Montenegro","17.93 [16.41-20.12]","21.68 [19.66-24.20]","21.05 [19.16-23.78]","19.87 [18.27-22.47]","20.81 [19.06-23.37]","21.44 [19.54-24.11]","21.62 [19.83-24.23]","24.87 [22.50-28.00]","25.15 [23.03-28.31]","24.04 [21.92-27.00]"
"Morocco","13.73 [11.38-16.69]","13.84 [11.47-16.86]","14.15 [11.67-17.36]","13.81 [11.46-16.83]","13.76 [11.40-16.74]","13.49 [11.20-16.42]","13.13 [10.91-15.95]","13.48 [11.19-16.41]","13.51 [11.21-16.45]","13.38 [11.12-16.36]"
"Mozambique","17.51 [9.97-27.93]","17.72 [9.98-28.30]","17.28 [9.93-27.40]","17.32 [9.89-27.41]","17.74 [9.95-28.41]","17.84 [9.97-28.58]","17.72 [9.92-28.32]","17.46 [9.89-27.90]","17.41 [9.90-27.79]","17.69 [9.88-28.25]"
"Myanmar","27.75 [23.64-31.83]","26.67 [22.69-31.28]","26.56 [22.55-30.49]","29.86 [25.22-34.75]","27.17 [22.80-31.31]","26.72 [23.02-30.75]","30.03 [25.85-34.60]","29.17 [24.10-34.41]","27.41 [22.77-32.79]","30.03 [23.89-38.05]"
"Namibia","13.13 [6.65-22.32]","13.17 [6.65-22.35]","13.23 [6.68-22.42]","13.14 [6.66-22.14]","13.14 [6.64-22.15]","13.17 [6.65-22.17]","13.03 [6.63-21.68]","13.42 [6.68-22.93]","13.26 [6.66-22.27]","13.09 [6.65-21.80]"
"Nauru","7.40 [2.89-14.43]","7.59 [2.70-14.80]","7.45 [2.61-13.38]","7.33 [2.82-13.25]","7.28 [2.91-13.23]","7.18 [2.79-13.72]","7.37 [2.88-14.43]","7.40 [3.02-14.14]","7.58 [3.01-14.92]","7.50 [3.03-14.98]"
"Nepal","36.92 [32.36-42.95]","40.65 [35.63-47.66]","37.42 [32.60-44.09]","39.05 [34.07-46.15]","40.69 [35.45-47.49]","41.23 [35.63-48.70]","42.92 [37.37-49.96]","41.45 [36.30-48.51]","40.65 [35.78-47.38]","40.94 [34.27-47.66]"
"Netherlands","10.88 [10.53-11.29]","11.63 [11.28-12.11]","11.78 [11.41-12.19]","11.76 [11.38-12.16]","12.75 [12.30-13.27]","12.65 [12.20-13.18]","13.38 [12.96-13.94]","13.94 [13.48-14.43]","15.75 [15.20-16.38]","15.22 [14.69-15.79]"
"New Zealand","8.69 [8.13-9.22]","7.53 [7.07-8.08]","7.21 [6.73-7.67]","6.98 [6.55-7.37]","7.01 [6.59-7.46]","7.27 [6.85-7.70]","7.61 [7.19-8.24]","7.76 [7.30-8.28]","8.64 [7.72-9.56]","9.47 [8.52-10.37]"
"Nicaragua","16.73 [11.31-23.69]","18.07 [12.79-26.43]","19.42 [13.99-27.41]","20.52 [14.49-30.06]","21.69 [15.60-31.39]","21.16 [15.05-29.89]","22.22 [15.79-31.44]","21.05 [14.41-30.40]","21.93 [15.54-30.79]","20.91 [14.73-30.18]"
"Niger","55.52 [25.02-113.11]","56.22 [25.07-114.86]","57.76 [25.34-118.74]","57.92 [25.23-119.18]","58.34 [25.20-120.21]","53.92 [24.29-108.89]","52.74 [24.08-105.88]","54.97 [24.32-111.51]","54.57 [24.14-110.50]","54.58 [24.07-110.48]"
"Nigeria","55.33 [36.68-73.91]","55.99 [36.90-74.93]","56.55 [37.14-75.82]","56.32 [37.04-75.46]","56.33 [37.02-75.52]","53.33 [35.81-70.46]","52.46 [35.42-69.16]","53.80 [35.88-71.20]","52.98 [35.56-69.94]","51.99 [35.24-68.65]"
"Norway","7.19 [6.83-7.47]","7.27 [6.93-7.56]","7.33 [6.98-7.63]","7.31 [6.95-7.59]","7.86 [7.47-8.19]","7.64 [7.24-7.93]","8.26 [7.85-8.59]","8.50 [8.09-8.85]","9.66 [9.16-10.05]","9.17 [8.74-9.55]"
"occupied Palestinian territory, including east Jerusalem","31.34 [21.85-43.41]","31.03 [21.70-42.88]","30.28 [21.35-41.61]","30.92 [21.64-42.79]","31.10 [21.72-43.07]","30.66 [21.52-42.37]","30.47 [21.42-42.04]","30.02 [21.21-41.25]","29.31 [20.88-40.19]","30.04 [21.22-41.33]"
"Oman","35.76 [20.64-58.75]","37.91 [21.54-63.80]","37.13 [21.31-61.81]","36.76 [21.13-61.02]","37.14 [21.34-61.90]","36.07 [20.86-59.52]","37.71 [21.62-63.31]","38.45 [21.99-65.08]","37.34 [21.59-62.46]","37.16 [21.60-61.97]"
"Pakistan","51.59 [42.89-60.53]","58.03 [48.15-68.57]","53.60 [44.46-63.09]","55.36 [45.94-64.89]","57.62 [48.04-68.10]","58.04 [48.27-68.28]","60.96 [50.94-71.48]","58.05 [48.67-67.89]","57.16 [48.23-67.36]","58.25 [48.34-70.58]"
"Palau","7.92 [3.02-17.48]","7.88 [2.75-16.75]","7.61 [2.77-16.70]","7.70 [2.87-16.28]","8.15 [3.08-18.82]","7.90 [2.93-18.70]","7.91 [2.97-19.11]","7.92 [2.97-17.55]","7.75 [3.21-18.58]","7.37 [2.95-17.65]"
"Panama","11.89 [8.37-15.14]","12.52 [9.04-16.07]","13.52 [9.72-16.79]","14.12 [10.13-17.89]","15.03 [10.76-19.02]","14.66 [10.55-18.80]","15.25 [11.04-19.24]","14.62 [10.31-18.62]","14.87 [10.67-18.71]","14.18 [10.33-18.09]"
"Papua New Guinea","9.51 [3.15-21.84]","9.65 [3.25-24.23]","9.53 [3.07-23.15]","9.37 [3.22-23.26]","9.58 [3.43-23.42]","9.03 [3.02-21.81]","9.04 [2.99-22.17]","8.99 [3.08-22.36]","8.88 [3.07-21.72]","9.27 [2.81-20.85]"
"Paraguay","13.23 [10.04-18.11]","13.10 [10.13-17.88]","17.63 [13.68-24.49]","14.37 [10.98-20.14]","14.01 [10.67-19.19]","15.16 [11.63-21.09]","15.32 [11.78-21.31]","16.41 [12.73-22.41]","16.93 [12.94-23.29]","17.40 [13.44-23.65]"
"Peru","31.74 [26.02-38.88]","31.50 [27.29-37.20]","30.13 [25.79-36.14]","31.55 [27.09-37.20]","32.56 [28.61-38.33]","33.83 [29.54-39.99]","32.75 [28.38-39.12]","32.15 [27.39-37.16]","30.50 [26.34-35.82]","31.38 [27.34-36.81]"
"Philippines","24.20 [21.54-26.90]","23.17 [19.94-26.53]","23.38 [20.72-26.34]","25.84 [22.91-28.29]","23.81 [20.90-26.54]","23.28 [20.83-25.93]","26.19 [23.20-29.67]","25.29 [22.60-28.28]","23.97 [20.56-28.10]","25.87 [22.13-31.26]"
"Poland","19.90 [19.46-20.31]","23.82 [23.34-24.45]","23.25 [22.67-23.81]","22.65 [22.12-23.14]","23.93 [23.33-24.53]","24.90 [24.42-25.42]","24.81 [24.32-25.37]","25.98 [25.45-26.47]","28.70 [28.01-29.34]","28.01 [27.36-28.78]"
"Portugal","7.63 [7.40-7.87]","8.21 [7.96-8.46]","9.19 [8.92-9.45]","8.73 [8.47-8.98]","9.02 [8.73-9.26]","8.22 [7.95-8.43]","9.78 [9.47-10.05]","9.79 [9.48-10.08]","11.10 [10.73-11.45]","10.98 [10.64-11.30]"
"Qatar","59.96 [46.36-72.52]","63.71 [49.09-77.59]","64.18 [49.33-78.19]","62.31 [48.24-75.66]","67.03 [50.75-81.88]","59.30 [45.89-71.57]","62.39 [48.32-75.70]","64.98 [49.65-79.14]","65.01 [49.64-79.14]","65.40 [49.78-79.59]"
"Republic of Korea","24.38 [23.65-25.14]","24.04 [23.21-24.90]","26.16 [25.25-26.80]","27.65 [26.73-28.40]","28.01 [26.98-28.86]","29.37 [28.30-30.36]","28.95 [27.91-29.88]","26.56 [25.68-27.43]","29.79 [28.77-30.67]","30.29 [29.21-31.37]"
"Republic of Moldova","12.74 [9.25-16.78]","13.70 [10.36-18.09]","12.36 [9.22-16.46]","12.90 [9.76-16.98]","14.00 [10.15-18.19]","16.08 [11.99-20.67]","15.54 [11.43-20.51]","15.28 [11.19-20.19]","16.12 [12.13-21.51]","17.32 [12.92-22.23]"
"North Macedonia","28.67 [26.93-30.52]","34.13 [32.00-36.46]","33.21 [31.23-35.28]","32.06 [30.12-34.36]","33.62 [31.22-36.18]","34.61 [32.47-36.95]","35.29 [33.09-37.78]","39.06 [36.05-41.82]","41.97 [39.06-44.91]","39.48 [36.99-42.44]"
"Romania","14.11 [13.21-15.09]","16.54 [15.57-17.48]","16.36 [15.60-17.13]","15.89 [15.20-16.60]","16.49 [15.91-17.10]","17.10 [16.59-17.65]","17.17 [16.61-17.66]","18.29 [17.72-18.87]","20.10 [19.31-20.77]","19.45 [18.84-20.11]"
"Russian Federation","9.86 [8.24-12.08]","10.27 [8.51-12.54]","9.30 [7.59-11.60]","9.68 [7.96-12.27]","10.53 [8.76-12.91]","11.99 [9.94-14.65]","11.62 [9.52-14.44]","11.32 [9.23-13.52]","11.64 [9.37-14.65]","13.29 [10.88-16.51]"
"Rwanda","35.72 [12.12-72.12]","35.01 [12.08-70.12]","34.83 [12.06-69.65]","35.09 [12.05-70.43]","34.79 [12.02-69.64]","35.04 [12.01-70.39]","34.96 [11.99-70.24]","35.39 [11.99-71.56]","34.85 [11.96-70.10]","34.43 [11.93-68.92]"
"Saint Kitts and Nevis","7.62 [5.82-10.07]","8.14 [6.05-10.91]","8.50 [6.42-11.70]","8.20 [6.06-11.82]","8.15 [6.04-11.33]","7.80 [5.72-10.39]","7.36 [5.55-9.77]","7.51 [5.57-10.78]","7.15 [5.14-9.77]","7.52 [5.14-10.13]"
"Saint Lucia","8.94 [6.48-11.84]","9.47 [6.75-12.99]","9.98 [7.28-13.70]","9.52 [6.74-13.49]","9.57 [6.88-13.43]","9.06 [6.22-12.01]","8.51 [5.94-11.72]","8.76 [6.43-12.09]","8.29 [5.84-11.99]","8.38 [5.77-11.64]"
"Saint Vincent and the Grenadines","9.51 [6.22-13.39]","10.04 [7.15-14.75]","10.61 [7.16-14.94]","10.16 [6.88-14.72]","10.19 [6.86-13.80]","9.64 [6.38-12.80]","9.06 [6.09-12.13]","9.32 [6.25-12.75]","8.84 [5.43-12.18]","8.94 [5.62-12.03]"
"Samoa","8.07 [2.80-18.16]","8.06 [2.99-17.22]","7.95 [2.97-16.87]","7.90 [3.02-18.34]","8.05 [3.11-17.48]","7.83 [2.96-17.92]","7.93 [3.19-18.92]","7.84 [3.13-19.10]","7.78 [3.03-18.84]","7.68 [2.97-17.23]"
"San Marino","9.85 [8.21-11.53]","10.81 [8.98-12.69]","10.55 [8.78-12.33]","10.33 [8.59-12.08]","11.42 [9.52-13.38]","11.00 [9.20-12.89]","11.72 [9.78-13.69]","12.12 [10.12-14.14]","13.44 [11.20-15.77]","13.02 [10.83-15.30]"
"Sao Tome and Principe","36.24 [17.68-63.87]","36.32 [17.74-64.06]","36.08 [17.66-63.50]","36.97 [18.01-65.50]","36.48 [17.84-64.39]","34.47 [17.07-59.95]","34.79 [17.21-60.63]","35.58 [17.53-62.38]","34.95 [17.30-60.99]","34.06 [16.96-59.14]"
"Saudi Arabia","60.73 [44.71-79.64]","62.62 [46.21-82.92]","63.11 [46.52-85.70]","60.22 [44.39-80.92]","62.73 [46.29-82.76]","56.69 [41.60-73.62]","61.30 [45.07-81.46]","63.25 [46.48-86.12]","60.35 [44.61-78.30]","61.50 [45.34-82.18]"
"Senegal","42.18 [26.22-58.40]","42.95 [26.24-59.47]","43.71 [26.32-60.70]","42.51 [26.05-58.87]","43.84 [26.24-60.93]","41.36 [25.87-57.49]","40.85 [25.83-56.68]","42.88 [25.91-59.55]","41.20 [25.59-57.28]","40.01 [25.67-55.75]"
"Serbia","22.33 [20.88-23.73]","26.54 [24.74-28.23]","25.60 [23.69-27.25]","24.92 [23.11-26.52]","26.04 [24.15-27.68]","27.03 [25.08-28.73]","26.90 [24.92-28.73]","28.53 [26.61-30.43]","31.53 [29.55-33.54]","30.28 [28.03-32.34]"
"Seychelles","17.44 [12.44-24.14]","16.95 [12.24-24.33]","16.83 [12.38-23.88]","18.67 [13.36-26.50]","16.98 [12.09-24.69]","16.69 [11.68-23.05]","18.79 [13.33-27.17]","18.33 [13.07-26.28]","17.27 [12.36-23.26]","18.41 [13.15-25.23]"
"Sierra Leone","43.32 [19.21-85.32]","43.65 [19.27-87.08]","44.32 [19.37-89.26]","43.92 [19.26-86.75]","45.98 [19.36-94.01]","43.63 [19.16-85.79]","41.24 [18.71-79.08]","44.53 [19.20-89.45]","40.99 [18.65-78.99]","40.16 [18.48-77.70]"
"Singapore","13.33 [10.54-17.56]","13.12 [10.34-17.26]","14.23 [11.18-18.67]","15.48 [12.03-20.46]","16.16 [12.61-21.25]","16.63 [12.98-21.92]","16.58 [12.91-21.85]","15.20 [11.82-20.12]","16.54 [13.08-21.93]","16.89 [13.13-22.25]"
"Slovakia","16.27 [15.55-16.97]","19.53 [18.64-20.47]","18.93 [18.15-19.78]","18.43 [17.60-19.32]","19.52 [18.61-20.41]","20.01 [19.09-20.96]","19.96 [19.00-20.84]","20.76 [19.85-21.71]","23.22 [22.16-24.05]","22.25 [21.30-23.29]"
"Slovenia","14.60 [13.97-15.40]","18.45 [17.46-19.44]","17.75 [16.94-18.67]","17.37 [16.54-18.35]","18.22 [17.46-19.06]","18.60 [17.78-19.53]","18.68 [17.86-19.73]","19.47 [18.55-20.43]","21.33 [20.27-22.38]","20.44 [19.45-21.61]"
"Solomon Islands","8.70 [3.27-15.71]","8.86 [3.04-16.10]","8.68 [3.06-15.38]","8.64 [3.03-15.59]","8.69 [3.03-15.76]","8.45 [3.13-16.21]","8.37 [2.74-15.75]","8.23 [2.88-15.35]","8.12 [2.85-15.47]","8.25 [2.83-16.13]"
"Somalia","14.41 [7.17-27.60]","14.54 [7.15-27.93]","14.63 [7.17-28.29]","14.51 [7.13-27.93]","14.46 [7.09-27.87]","14.44 [7.09-27.76]","14.38 [7.09-27.55]","14.71 [7.19-28.53]","14.60 [7.16-28.20]","14.38 [7.11-27.47]"
"South Africa","21.69 [19.46-24.04]","21.41 [19.29-23.68]","21.26 [19.19-23.48]","20.93 [18.90-22.97]","21.01 [19.00-23.08]","20.79 [18.85-22.78]","20.60 [18.69-22.57]","20.46 [18.58-22.41]","20.46 [18.66-22.42]","20.45 [18.72-22.43]"
"South Sudan","21.36 [10.63-37.68]","23.20 [11.18-42.98]","23.14 [11.14-43.35]","23.72 [11.32-45.19]","23.12 [11.10-44.12]","22.45 [10.86-42.04]","22.74 [10.93-43.09]","23.09 [11.02-44.27]","22.74 [10.90-43.28]","22.72 [10.85-43.18]"
"Spain","9.77 [9.56-9.98]","10.52 [10.31-10.75]","10.63 [10.41-10.86]","10.51 [10.29-10.72]","11.63 [11.41-11.86]","10.83 [10.61-11.06]","11.77 [11.54-12.01]","12.42 [12.20-12.66]","13.71 [13.46-14.00]","13.35 [13.08-13.64]"
"Sri Lanka","24.79 [18.76-31.82]","23.98 [18.11-31.00]","23.85 [18.14-31.17]","26.48 [20.54-33.95]","24.00 [18.52-30.85]","23.57 [18.01-30.67]","26.49 [20.17-34.38]","25.60 [19.82-34.19]","24.11 [18.61-32.15]","25.97 [19.55-34.02]"
"Sudan","23.46 [12.26-43.69]","24.02 [12.42-44.81]","24.86 [12.47-46.99]","24.44 [12.36-46.11]","24.64 [12.26-46.82]","23.35 [12.05-43.79]","24.04 [12.13-45.27]","24.72 [12.21-46.86]","24.62 [12.13-46.72]","24.01 [12.06-45.17]"
"Suriname","13.03 [7.35-19.97]","13.67 [7.33-21.94]","14.27 [8.19-22.22]","13.81 [8.20-21.00]","13.90 [7.97-21.95]","13.12 [7.23-21.02]","12.31 [7.11-19.58]","12.72 [7.36-20.15]","11.92 [6.36-18.80]","12.19 [6.46-19.27]"
"Sweden","6.40 [6.14-6.65]","6.56 [6.32-6.85]","6.40 [6.16-6.66]","6.35 [6.11-6.63]","6.89 [6.63-7.18]","6.81 [6.55-7.11]","7.17 [6.88-7.47]","7.49 [7.20-7.82]","8.41 [8.09-8.75]","8.19 [7.89-8.57]"
"Switzerland","9.25 [9.02-9.49]","10.33 [10.07-10.59]","10.20 [9.94-10.46]","10.32 [10.03-10.62]","11.17 [10.87-11.45]","10.86 [10.58-11.13]","11.76 [11.47-12.10]","12.13 [11.82-12.43]","13.44 [13.09-13.78]","13.20 [12.87-13.55]"
"Syrian Arab Republic","25.31 [20.10-31.31]","25.24 [20.05-31.21]","25.00 [19.88-30.89]","24.57 [19.63-30.30]","24.91 [19.84-30.77]","24.31 [19.46-29.95]","24.51 [19.60-30.21]","24.80 [19.78-30.60]","24.65 [19.69-30.37]","25.08 [19.95-30.98]"
"Tajikistan","56.80 [41.78-79.67]","62.07 [42.00-86.49]","62.90 [45.05-89.75]","66.42 [46.27-95.29]","67.01 [46.67-94.79]","67.24 [48.63-94.96]","71.14 [47.97-100.03]","75.70 [51.27-108.96]","75.98 [53.78-110.44]","67.16 [47.05-99.27]"
"Thailand","25.48 [24.11-27.10]","24.55 [22.61-27.63]","24.41 [22.44-26.35]","27.20 [25.29-29.42]","24.92 [23.29-26.50]","24.40 [23.10-25.67]","27.53 [25.24-30.26]","26.54 [23.97-29.19]","25.02 [22.55-27.99]","27.10 [22.59-31.85]"
"Timor-Leste","21.77 [9.31-47.54]","20.94 [9.17-44.47]","20.76 [8.60-43.40]","22.50 [9.59-48.43]","20.62 [8.76-43.66]","20.42 [8.52-44.14]","22.48 [9.26-49.38]","21.93 [9.02-48.13]","20.73 [8.60-44.09]","21.94 [8.92-45.06]"
"Togo","37.88 [24.39-57.78]","39.04 [24.18-60.18]","39.32 [24.05-60.68]","39.64 [23.91-61.00]","40.55 [23.73-61.90]","36.49 [23.91-56.07]","36.48 [23.80-55.73]","37.76 [23.63-57.18]","37.42 [23.56-56.54]","36.29 [23.55-55.98]"
"Tonga","7.74 [4.45-12.91]","7.68 [4.04-13.06]","7.59 [4.20-12.58]","7.60 [4.55-13.11]","7.45 [4.70-12.57]","7.40 [4.49-12.40]","7.29 [4.19-12.86]","7.30 [4.38-13.07]","7.26 [4.33-13.05]","7.35 [4.31-12.62]"
"Trinidad and Tobago","10.39 [8.17-12.78]","10.85 [8.43-13.14]","11.41 [8.81-13.50]","11.09 [8.46-13.47]","11.08 [8.32-13.32]","10.47 [7.96-12.63]","9.91 [7.87-12.01]","10.10 [7.68-12.16]","9.56 [7.16-11.88]","9.91 [7.93-13.08]"
"Tunisia","27.39 [19.12-38.46]","28.15 [19.60-39.72]","26.89 [18.79-37.63]","28.41 [19.75-40.21]","27.01 [18.87-37.88]","27.80 [19.34-39.23]","26.29 [18.28-36.83]","26.19 [18.34-36.60]","26.38 [18.43-36.97]","27.32 [18.90-38.65]"
"Türkiye","23.28 [22.04-24.57]","23.29 [22.05-24.59]","22.98 [21.79-24.19]","22.64 [21.49-23.81]","23.16 [21.93-24.42]","23.17 [21.96-24.44]","23.45 [22.20-24.78]","23.01 [21.81-24.26]","23.47 [22.21-24.80]","24.16 [22.77-25.69]"
"Turkmenistan","26.43 [20.39-33.51]","29.13 [21.80-38.55]","29.23 [22.92-38.05]","30.91 [23.30-41.31]","31.20 [23.27-41.31]","31.62 [23.47-42.39]","33.24 [23.71-46.33]","35.31 [24.84-49.60]","35.64 [25.01-48.73]","31.25 [23.39-43.39]"
"Uganda","32.29 [20.65-48.38]","32.66 [20.84-48.88]","32.18 [20.54-48.17]","32.96 [21.01-49.59]","32.54 [20.80-48.73]","32.32 [20.67-48.35]","32.61 [20.82-48.92]","32.99 [20.99-49.68]","32.39 [20.74-48.51]","32.12 [20.54-48.05]"
"Ukraine","14.51 [10.47-20.27]","15.29 [11.42-21.95]","13.91 [10.04-19.48]","14.33 [10.60-20.27]","15.73 [11.66-21.89]","17.80 [13.28-25.23]","17.17 [12.75-24.19]","16.74 [12.30-23.00]","17.77 [13.36-25.01]","19.13 [14.30-26.58]"
"United Arab Emirates","39.03 [32.87-47.74]","40.43 [33.81-49.95]","40.63 [33.96-50.22]","40.38 [33.77-49.85]","41.16 [34.34-50.95]","38.80 [32.67-47.31]","40.04 [33.55-49.30]","40.93 [34.16-50.56]","40.54 [33.90-49.99]","40.83 [34.07-50.39]"
"United Kingdom of Great Britain and Northern Ireland","9.71 [9.37-10.02]","10.28 [9.92-10.63]","10.31 [9.93-10.66]","10.42 [10.05-10.70]","11.33 [10.93-11.70]","11.20 [10.78-11.56]","12.09 [11.65-12.49]","12.42 [12.01-12.82]","13.72 [13.20-14.17]","13.49 [13.03-13.94]"
"United Republic of Tanzania","16.12 [11.45-23.12]","16.16 [11.52-23.26]","15.94 [11.20-22.90]","16.35 [11.70-23.89]","16.33 [11.64-24.00]","16.09 [11.40-23.43]","16.10 [11.41-23.55]","16.29 [11.61-24.06]","16.06 [11.35-23.57]","16.16 [11.42-23.92]"
"United States of America","7.41 [7.29-7.51]","8.43 [8.29-8.55]","8.26 [8.14-8.42]","7.84 [7.73-7.94]","8.62 [8.51-8.75]","8.95 [8.80-9.11]","9.10 [8.98-9.23]","9.44 [9.31-9.63]","9.73 [9.59-9.87]","9.65 [9.50-9.79]"
"Uruguay","8.51 [6.76-10.62]","8.85 [6.65-11.22]","9.31 [7.03-11.91]","9.78 [7.63-12.05]","9.94 [7.83-12.30]","9.55 [7.50-11.87]","9.76 [7.60-12.03]","9.07 [6.86-11.22]","9.23 [7.12-11.56]","9.21 [7.05-11.48]"
"Uzbekistan","44.55 [31.07-61.76]","48.45 [33.78-67.95]","49.42 [36.08-73.10]","52.26 [37.39-78.12]","52.76 [37.46-77.22]","52.93 [38.45-75.88]","56.17 [40.36-84.87]","59.74 [41.49-92.11]","60.06 [42.42-89.85]","52.93 [37.21-78.74]"
"Vanuatu","9.09 [3.54-19.32]","9.31 [3.51-19.01]","9.15 [3.39-18.31]","9.02 [3.46-18.19]","9.02 [3.57-18.89]","8.72 [3.42-17.26]","8.77 [3.42-18.51]","8.64 [3.31-19.16]","8.70 [3.37-18.16]","8.55 [3.67-18.28]"
"Venezuela (Bolivarian Republic of)","16.55 [12.21-21.81]","17.46 [13.04-22.64]","19.19 [14.35-25.34]","20.18 [14.72-27.56]","20.65 [15.29-26.42]","20.30 [15.02-25.71]","21.50 [16.06-27.54]","20.41 [15.47-26.30]","21.28 [16.20-27.57]","21.24 [15.64-28.77]"
"Viet Nam","22.12 [17.55-25.82]","21.28 [17.48-24.94]","21.29 [17.11-25.44]","23.64 [18.65-28.60]","21.65 [17.00-26.24]","21.24 [17.00-25.53]","23.94 [19.12-27.99]","22.91 [18.45-27.20]","21.88 [17.16-26.18]","23.62 [17.88-29.63]"
"Yemen","43.04 [14.25-90.18]","43.13 [14.26-90.53]","42.74 [14.16-89.53]","41.34 [13.91-85.77]","42.37 [14.09-88.57]","39.61 [13.57-81.23]","42.48 [14.12-88.79]","43.81 [14.39-92.67]","42.41 [14.09-88.66]","40.14 [13.64-82.65]"
"Zambia","18.85 [7.91-39.73]","18.95 [7.88-40.13]","18.92 [7.88-40.01]","19.24 [7.83-41.21]","19.27 [7.83-41.25]","19.12 [7.80-40.55]","19.01 [7.80-40.16]","19.44 [7.84-41.78]","19.25 [7.79-41.26]","18.86 [7.79-39.81]"
"Zimbabwe","14.47 [7.16-26.76]","14.48 [7.21-26.76]","14.55 [7.20-27.05]","14.48 [7.18-26.78]","14.63 [7.20-27.33]","14.48 [7.21-26.78]","14.48 [7.19-26.81]","14.65 [7.17-27.47]","14.65 [7.22-27.47]","14.64 [7.21-27.41]"
